t_ns,util_gpu_pct,util_mem_pct,mem_used_mib,power_w,sm_clock_mhz
263180188729121,0,0,962,115.715,1980
263180242388063,2,0,962,121.485,1980
263180297917398,2,0,6852,121.485,1980
263180348103011,2,0,6852,127.28,1980
263180398319609,2,0,6852,127.28,1980
263180448515434,2,0,6852,133.074,1980
263180498682831,2,0,6852,133.074,1980
263180548851041,2,0,6852,138.986,1980
263180599039334,2,0,6852,145.572,1980
263180649235804,10,0,6852,145.572,1980
263180699439411,10,0,6852,151.539,1980
263180751331485,10,0,6852,151.539,1980
263180801516153,12,0,6852,157.486,1980
263180851709543,12,0,6852,157.486,1980
263180905037774,12,0,6852,162.069,1980
263180955288717,12,0,6852,162.069,1980
263181005542047,13,0,6852,166.426,1980
263181057956344,13,0,6852,166.426,1980
263181108140610,13,0,6852,166.106,1980
263181158387559,13,0,6852,166.106,1980
263181210310630,12,0,6852,166.175,1980
263181260552491,12,0,6852,166.175,1980
263181310799222,12,0,6852,166.28,1980
263181417618940,14,0,6872,166.363,1980
263181569843085,14,0,6872,166.269,1980
263181723420502,0,0,6872,166.13,1980
263181773671497,0,0,6872,166.13,1980
263181823834413,0,0,6872,166.06,1980
263181874636356,0,0,6872,166.06,1980
263181924763661,0,0,6872,165.981,1980
263182061444988,0,0,6872,165.881,1980
263182215152871,0,0,6872,165.713,1980
263182286794099,0,0,6872,165.713,1980
263182433902758,0,0,6872,165.467,1980
263182499209553,0,0,6872,165.467,1980
263182569569968,0,0,6872,165.456,1980
263182634867394,0,0,6872,165.431,1980
263182700176519,0,0,6872,165.439,1980
263182760412081,0,0,6872,165.439,1980
263182830773260,0,0,6872,165.408,1980
263183261496454,0,0,6872,165.394,1980
263183336990671,0,0,6872,165.404,1980
263183397251880,0,0,6872,165.404,1980
263183467612925,0,0,6872,165.411,1980
263183527849462,0,0,6872,165.383,1980
263183598201443,0,0,6872,165.383,1980
263183663500391,0,0,6872,165.41,1980
263184053042254,0,0,6872,165.402,1980
263184179276389,0,0,6872,165.402,1980
263184229525171,0,0,6872,165.402,1980
263184279739082,0,0,6872,165.402,1980
263184329987339,0,0,6872,165.396,1980
263184380969961,0,0,6872,165.396,1980
263184431673097,0,0,6872,165.363,1980
263184481811262,0,0,6872,165.363,1980
263184532138572,0,0,6872,165.398,1980
263184582462816,0,0,6872,165.398,1980
263184634401844,0,0,6872,165.391,1980
263184684522771,0,0,6872,165.391,1980
263184734752630,0,0,6872,165.366,1980
263184785333928,0,0,6872,165.366,1980
263184837182029,0,0,6872,165.387,1980
263184887659668,0,0,6872,165.387,1980
263184938480073,0,0,6872,165.396,1980
263184988856546,0,0,6872,165.396,1980
263185039864964,0,0,6872,165.425,1980
263185094026691,0,0,6872,165.425,1980
263185144146420,0,0,6872,165.423,1980
263185194267635,0,0,6872,165.423,1980
263185244450359,0,0,6872,165.431,1980
263185294642189,0,0,6872,165.431,1980
263185598630560,0,0,6872,165.483,1980
263185648932117,0,0,7036,165.466,1980
263186042164638,0,0,7036,165.482,1980
263186092317577,0,0,7520,165.482,1980
263186142491924,0,0,7520,165.506,1980
263186192748106,0,0,7520,165.506,1980
263186247898123,1,0,7520,165.514,1980
263186298085318,1,0,7520,165.514,1980
263186348230925,1,0,7520,165.511,1980
263186399895731,1,0,7520,165.511,1980
263186450033477,0,0,7520,165.485,1980
263186500153799,0,0,7520,165.485,1980
263186555684438,0,0,7520,165.521,1980
263186605803000,0,0,7520,165.532,1980
263186656429205,0,0,7520,165.532,1980
263186708038223,0,0,7520,165.528,1980
263186758180232,0,0,7520,165.528,1980
263186808363260,0,0,7520,165.518,1980
263186858665565,0,0,7520,165.518,1980
263186909570738,0,0,7520,165.528,1980
263186959703690,0,0,7520,165.528,1980
263187009879958,0,0,7520,165.557,1980
263187059997947,0,0,7520,165.557,1980
263187110213055,0,0,7520,165.548,1980
263187160391422,0,0,7520,165.548,1980
263187211039463,0,0,7520,165.532,1980
263187262704088,0,0,7520,165.532,1980
263187312858813,0,0,7520,165.521,1980
263187363143929,0,0,9250,165.521,1980
263187413269678,0,0,10136,165.528,1980
263187463840348,0,0,10136,165.528,1980
263187514031797,0,0,10582,165.528,1980
263187564227056,0,0,10582,165.528,1980
263187614557464,0,0,10582,165.551,1980
263187665754443,0,0,10582,165.551,1980
263187715960142,0,0,10582,165.538,1980
263187766085470,0,0,10582,165.538,1980
263187816317918,4,0,10582,165.629,1980
263187866463597,4,0,10582,165.629,1980
263187916660885,4,0,10582,165.752,1980
263187966823274,4,0,10582,165.752,1980
263188016975582,14,0,10582,165.884,1980
263188067126378,14,0,10582,165.884,1980
263188117272128,14,0,10582,166.03,1980
263188167496636,14,0,10582,166.03,1980
263188249200535,14,0,10582,166.114,1980
263188677064391,0,0,10582,166.067,1980
263189098270123,0,0,10116,165.738,1980
263189528958733,0,0,10138,165.491,1980
263189579124663,0,0,10138,165.491,1980
263189629258176,0,0,10138,165.495,1980
263189679373306,0,0,10138,165.495,1980
263189729485314,0,0,10138,165.465,1980
263189779598016,0,0,10138,165.465,1980
263189829709086,0,0,10138,165.458,1980
263189879817058,0,0,10138,165.458,1980
263189929926504,0,0,10138,165.469,1980
263189980050934,0,0,10138,165.469,1980
263190030180000,0,0,10138,165.465,1980
263190080344836,0,0,10138,165.465,1980
263190130477333,0,0,10138,165.465,1980
263190180610479,0,0,10138,165.465,1980
263190230742281,0,0,10138,165.475,1980
263190280872455,0,0,10138,165.475,1980
263190330993288,0,0,10138,165.482,1980
263190381114450,0,0,10138,165.482,1980
263190431259144,0,0,10138,165.465,1980
263190481399576,0,0,10138,165.465,1980
263190531517084,0,0,10138,165.456,1980
263190581629493,0,0,10138,165.456,1980
263190631745899,0,0,10138,165.473,1980
263190681866140,0,0,10138,165.473,1980
263190731983112,0,0,10138,165.443,1980
263190782108591,0,0,10138,165.443,1980
263190832223595,0,0,10138,165.456,1980
263190882336084,0,0,10138,165.456,1980
263190932450342,0,0,10138,165.427,1980
263190982574763,0,0,10138,165.427,1980
263191032686665,0,0,10138,165.424,1980
263191082797374,0,0,10138,165.424,1980
263191132911246,0,0,10138,165.413,1980
263191183030029,0,0,10138,165.413,1980
263191233200341,0,0,10138,165.408,1980
263191283338950,0,0,10138,165.408,1980
263191333455276,0,0,10138,165.413,1980
263191383566575,0,0,10138,165.413,1980
263191433677286,0,0,10138,165.408,1980
263191483794221,0,0,10138,165.408,1980
263191536639137,0,0,10138,165.409,1980
263191596913068,0,0,10138,165.409,1980
263191657178784,0,0,10138,165.391,1980
263191723086248,0,0,10138,165.396,1980
263191773891114,0,0,10138,165.396,1980
263191824085388,0,0,10166,165.397,1980
263191874283298,0,0,10264,165.397,1980
263191924550823,0,0,10556,165.404,1980
263191974697973,0,0,10556,165.404,1980
263192877308048,0,0,10556,177.058,1980
263193311587249,0,0,10236,166.046,1980
263193748495233,0,0,10236,166.039,1980
263193798711498,0,0,10294,166.039,1980
263193848892398,0,0,10296,166.373,1980
263193899050199,0,0,10300,166.373,1980
263193949216431,0,0,10324,167.537,1980
263193999349354,0,0,10308,167.537,1980
263194049521285,9,3,10332,168.294,1980
263194099923000,9,3,10316,168.294,1980
263194150078107,9,3,10318,168.983,1980
263194200198487,9,3,10324,168.983,1980
263194250362346,11,3,10330,170.28,1980
263194707671427,0,0,10330,171.773,1980
263195163438691,0,0,10274,168.76,1980
263195213618710,0,0,18714,168.091,1980
263195263771207,0,0,18714,168.091,1980
263195313916845,0,0,18714,166.737,1980
263195364062249,0,0,18714,166.737,1980
263195414201837,0,0,18714,166.707,1980
263195464336054,0,0,18714,166.707,1980
263195514592821,0,0,18714,166.714,1980
263195564731923,0,0,18714,166.714,1980
263195614926849,0,0,18714,166.71,1980
263195666959701,0,0,18714,166.71,1980
263195717377070,0,0,18714,166.686,1980
263195767503529,0,0,18714,166.686,1980
263195817629639,0,0,18714,166.683,1980
263195869767622,0,0,18714,166.683,1980
263195921012411,0,0,18714,166.66,1980
263195971144425,0,0,18714,166.66,1980
263196021275029,0,0,18714,166.679,1980
263196071436906,0,0,19034,166.679,1980
263196121586027,0,0,19034,177.911,1980
263196173992245,0,0,19036,177.911,1980
263196224124291,7,3,19036,177.877,1980
263196274235074,7,3,19036,177.877,1980
263196325459376,7,3,19036,177.848,1980
263196375677300,7,3,19038,177.848,1980
263196425803928,2,0,19038,179.31,1980
263196902924601,0,0,18788,180.14,1980
263196953105516,0,0,18858,180.181,1980
263197003254917,0,0,18844,180.181,1980
263197053512225,6,2,18864,181.95,1980
263197103673288,6,2,18864,181.95,1980
263197153816743,6,2,18844,171.977,1980
263197203956686,6,2,18844,171.977,1980
263197254199771,10,3,18844,171.713,1980
263197304328069,10,3,18844,172.894,1980
263197354450651,10,3,18864,172.894,1980
263197404595922,9,3,18844,173.606,1980
263197454758383,9,3,18848,173.606,1980
263197941495244,0,0,18850,174.745,1980
263197991622651,0,0,18850,174.745,1980
263198041737780,0,0,18850,173.422,1980
263198092118582,0,0,18850,173.422,1980
263198143085223,0,0,18850,172.206,1980
263198193249089,0,0,18850,172.206,1980
263198243417977,0,0,18850,171.308,1980
263198294500297,0,0,18850,171.308,1980
263198344640262,0,0,18850,170.156,1980
263198394856514,0,0,18850,170.156,1980
263198444968374,0,0,18850,168.866,1980
263198495053331,0,0,18850,168.866,1980
263198545207033,0,0,18850,166.49,1980
263198595341155,0,0,18850,166.49,1980
263198645495672,0,0,18850,166.367,1980
263198695874928,0,0,18850,166.367,1980
263198746007845,0,0,18850,166.409,1980
263198796170943,0,0,18850,166.409,1980
263198846281429,0,0,18850,166.439,1980
263198896408874,0,0,18850,166.439,1980
263198946526556,0,0,18850,166.477,1980
263199000387651,0,0,18850,166.477,1980
263199051071312,0,0,18850,166.5,1980
263199101370941,0,0,18850,166.5,1980
263199151576748,0,0,18850,166.545,1980
263199216911009,0,0,18850,166.66,1980
263199267143788,0,0,18850,166.66,1980
263199711499462,0,0,18850,166.557,1980
263199761774591,0,0,18850,166.557,1980
263199811934293,0,0,18850,166.558,1980
263199932545750,0,0,18850,166.57,1980
263200081834913,0,0,18850,166.546,1980
263200131987552,0,0,18850,166.541,1980
263200182989293,0,0,18850,166.541,1980
263200233785370,1,1,18850,166.918,1980
263200284875170,1,1,18850,166.918,1980
263200335097885,1,1,18850,167.522,1980
263200544881917,2,1,18850,172.446,1980
263200597143113,2,1,18850,172.446,1980
263200648346424,5,2,18850,182.774,1980
263200698730230,5,2,18850,182.774,1980
263200749628787,5,2,18850,204.378,1980
263200799822185,5,2,18850,204.378,1980
263200849942933,98,48,18850,227.436,1980
263200900069322,98,48,18850,227.436,1980
263200950225810,98,48,18850,249.661,1980
263201000832150,98,48,18850,249.661,1980
263201050956384,98,49,18850,273.658,1980
263201101113097,98,49,18850,273.658,1980
263201151460875,98,49,18850,295.332,1980
263201201598148,98,49,18850,295.332,1980
263201251797464,100,50,18850,311.229,1980
263201301964057,100,50,18850,311.229,1980
263201352092982,100,50,19684,314.333,1980
263201402207581,100,50,23902,314.333,1980
263201452321226,12,5,25094,331.132,1980
263201502437682,12,5,25094,331.132,1980
263201553790321,12,5,25094,372.078,1980
263201603964762,12,5,28740,372.078,1980
263201654082191,49,24,34354,377.899,1980
263201704244752,49,24,36798,377.899,1980
263201754386969,49,24,36798,370.994,1980
263201804543671,49,24,42732,370.994,1980
263201854670269,70,37,42732,389.087,1980
263201904826581,70,37,42732,389.087,1980
263201954987129,70,37,42732,407.162,1980
263202005146388,70,37,42732,407.162,1980
263202055269577,96,53,42732,426.752,1980
263202105411453,96,53,42732,426.752,1980
263202155540834,96,53,42732,448.369,1980
263202205666213,96,53,42732,448.369,1980
263202256731597,76,43,42732,448.169,1980
263202307822817,76,43,42732,445.966,1980
263202358937148,76,43,42732,445.966,1980
263202412952605,2,2,42732,430.414,1980
263202464034516,2,2,42732,430.414,1980
263202514184173,2,2,42732,400.73,1980
263202564302341,2,2,42732,400.73,1980
263202614490149,97,47,42732,410.854,1980
263202664661012,97,47,42732,410.854,1980
263202714844034,97,47,42732,419.819,1980
263202765019720,97,47,42732,419.819,1980
263202815434053,100,49,42732,401.774,1980
263202865593495,100,49,42732,401.774,1980
263202915771012,100,49,42732,383.796,1980
263202966200482,100,49,42732,383.796,1980
263203016529757,100,50,42732,365.525,1980
263203071715127,100,50,42732,365.525,1980
263203121873364,100,50,42734,344.393,1980
263203172097286,100,50,43926,344.393,1980
263203222209824,85,43,43926,369.347,1980
263203272312509,85,43,48736,369.347,1980
263203322456003,85,43,48736,410.338,1980
263203372595817,85,43,49628,410.338,1980
263203422738249,95,51,54622,448.25,1980
263203472863429,95,51,54622,448.25,1980
263203522976033,95,51,54622,479.271,1980
263203573080725,95,51,54622,479.271,1980
263203623191258,96,54,54622,498.304,1980
263203673344668,96,54,54622,498.304,1980
263203723471584,96,54,54622,520.023,1980
263203774542765,96,54,54622,520.023,1980
263203825606685,81,56,54622,515.979,1980
263203876386142,81,56,54622,515.979,1980
263203927248883,81,56,54622,493.634,1980
263203977414496,81,56,54622,493.634,1980
263204027575940,5,3,54622,482.796,1980
263204079333422,5,3,54622,482.796,1980
263204129523646,5,3,54622,486.096,1980
263204179693820,5,3,54622,486.096,1980
263204230312001,100,49,54622,460.504,1980
263204280504739,100,49,54622,460.504,1980
263204330749963,100,49,54622,435.448,1980
263204380882243,100,49,54622,435.448,1980
263204431051951,100,50,54622,416.966,1980
263204481213555,100,50,54622,416.966,1980
263204531604805,100,50,54622,393.682,1980
263204582040412,100,50,54622,393.682,1980
263204632203024,100,50,54622,370.99,1980
263204682394250,100,50,54622,370.99,1980
263204732509180,100,50,54622,366.757,1980
263204782620382,100,50,54622,366.757,1980
263204832773330,93,46,54622,386.573,1980
263204882903126,93,46,54622,386.573,1980
263204933020107,93,46,54622,423.842,1980
263204983129580,93,46,54622,423.842,1980
263205033278634,96,52,54622,459.037,1980
263205083407809,96,52,54622,459.037,1980
263205133516185,96,52,54622,480.424,1980
263205183622447,96,52,54622,480.424,1980
263205233769099,96,53,54622,500.007,1980
263205284702309,96,53,54622,500.007,1980
263205335495526,96,53,54622,497.065,1980
263205386414810,96,53,54622,497.065,1980
263205437129810,2,2,54622,475.708,1980
263205487739832,2,2,54622,475.708,1980
263205537935816,2,2,54622,466.693,1980
263205588081569,2,2,54622,466.693,1980
263205638278748,93,44,54622,469.909,1980
263205689128471,93,44,54622,469.909,1980
263205739300611,93,44,54622,459.252,1980
263205789421130,93,44,54622,459.252,1980
263205839608143,98,48,54622,437.963,1980
263205889738372,98,48,54622,437.963,1980
263205939869594,98,48,54622,421.368,1980
263205990055217,98,48,54622,421.368,1980
263206040182682,100,50,54622,400.754,1980
263206090352968,100,50,54622,400.754,1980
263206140478357,100,50,54622,377.422,1980
263206190599199,100,50,54622,377.422,1980
263206240708142,72,36,54622,367.029,1980
263206290813185,72,36,54622,367.029,1980
263206340918725,72,36,54622,391.191,1980
263206391027986,72,36,54622,391.191,1980
263206441157891,92,50,54622,431.081,1980
263206491269794,92,50,54622,431.081,1980
263206541374625,92,50,54622,467.868,1980
263206591480886,92,50,54622,467.868,1980
263206641582173,96,56,54622,487.928,1980
263206691692974,96,56,54622,487.928,1980
263206741811752,96,56,54622,508.681,1980
263206791919929,96,56,54622,508.681,1980
263206842603464,96,55,54622,530.806,1980
263206893705086,96,55,54622,530.806,1980
263206944473527,96,55,54622,522.475,1980
263206995277163,96,55,54622,522.475,1980
263207045413534,2,2,54622,501.12,1980
263207095534602,2,2,54622,501.12,1980
263207145756310,2,2,54622,492.207,1980
263207196549277,2,2,54622,492.207,1980
263207247055629,96,46,54622,489.198,1980
263207297398764,96,46,54622,489.198,1980
263207347551003,96,46,54622,466.099,1980
263207397690402,96,46,54622,466.099,1980
263207447833473,100,49,54622,443.589,1980
263207497952790,100,49,54622,443.589,1980
263207548330612,100,49,54622,424.071,1980
263207598434934,100,49,54622,424.071,1980
263207648622043,100,50,54622,398.476,1980
263207699700800,100,50,54622,398.476,1980
263207751705637,100,50,54622,374.173,1980
263207801871423,100,50,54622,374.173,1980
263207852036643,76,38,54622,365.653,1980
263207902171259,76,38,54622,365.653,1980
263207952324887,76,38,54622,391.199,1980
263208002540469,76,38,54622,391.199,1980
263208052671172,90,48,54622,437.102,1980
263208102818834,90,48,54622,437.102,1980
263208152949072,90,48,54622,469.948,1980
263208203060084,90,48,54622,469.948,1980
263208253177413,97,52,54622,486.331,1980
263208303287622,97,52,54622,486.331,1980
263208353396187,97,52,54622,505.863,1980
263208403502471,97,52,54622,505.863,1980
263208454167832,98,55,54622,519.883,1980
263208504745726,98,55,54622,519.883,1980
263208555697012,98,55,54622,500.189,1980
263208607681539,98,55,54622,500.189,1980
263208657891067,2,2,54622,481.662,1980
263208708028301,2,2,54622,481.662,1980
263208759109051,2,2,54622,483.177,1980
263208809835390,2,2,54622,471.476,1980
263208859942651,97,47,54622,471.476,1980
263208910069216,97,47,54622,447.24,1980
263208960236366,97,47,54622,447.24,1980
263209011030338,100,49,54622,426.829,1980
263209061159317,100,49,54622,426.829,1980
263209111309296,100,49,54622,400.875,1980
263209161437934,100,49,54622,400.875,1980
263209211585811,100,50,54622,374.858,1980
263209261699512,100,50,54622,374.858,1980
263209311826674,100,50,54622,362.11,1980
263209361946593,100,50,54622,362.11,1980
263209412080499,95,49,54622,366.346,1980
263209462241462,95,49,54622,366.346,1980
263209512402547,95,49,54622,407.506,1980
263209562531831,95,49,54622,407.506,1980
263209612687945,96,52,54622,440.78,1980
263209662821834,96,52,54622,440.78,1980
263209712948074,96,52,54622,465.911,1980
263209763058146,96,52,54622,465.911,1980
263209813206001,95,54,54622,484.507,1980
263209863338673,95,54,54622,484.507,1980
263209913510175,95,54,54622,505.06,1980
263209964225440,95,54,54622,505.06,1980
263210014990308,80,55,54622,498.583,1980
263210066037568,80,55,54622,498.583,1980
263210117074316,80,55,54622,487.482,1980
263210167905353,80,55,54622,487.482,1980
263210218064235,10,5,54622,478.755,1980
263210268212904,10,5,54622,478.755,1980
263210318353316,10,5,54622,472.94,1980
263210368933871,10,5,54622,472.94,1980
263210419123726,97,47,54622,450.196,1980
263210469289482,97,47,54622,450.196,1980
263210519577902,97,47,54622,433.514,1980
263210569737554,97,47,54622,433.514,1980
263210620191775,100,49,54622,418.855,1980
263210670313660,100,49,54622,418.855,1980
263210720431130,100,49,54622,394.579,1980
263210770963373,100,49,54622,394.579,1980
263210821510055,100,50,54622,372.877,1980
263210871657792,100,50,54622,372.877,1980
263210921800900,100,50,54622,365.597,1980
263210971975734,100,50,54622,365.597,1980
263211022124381,97,53,54622,396.013,1980
263211072252925,97,53,54622,396.013,1980
263211122370602,97,53,54622,427.274,1980
263211172523909,97,53,54622,427.274,1980
263211222675123,95,53,54622,460.953,1980
263211272843874,95,53,54622,460.953,1980
263211322981142,95,53,54622,482.026,1980
263211373063161,95,53,54622,482.026,1980
263211423195793,97,54,54622,501.848,1980
263211473911769,97,54,54622,501.848,1980
263211524546187,97,54,54622,502.475,1980
263211575590010,97,54,54622,502.475,1980
263211626394679,16,16,54622,480.308,1980
263211677124837,16,16,54622,480.308,1980
263211727310662,16,16,54622,463.977,1980
263211777504296,16,16,54622,463.977,1980
263211827651623,72,34,54622,463.316,1980
263211878050624,72,34,54622,463.316,1980
263211928609614,72,34,54622,455.096,1980
263211978796537,72,34,54622,455.096,1980
263212029034975,100,49,54622,431.078,1980
263212079233812,100,49,54622,431.078,1980
263212129470810,100,49,54622,412.915,1980
263212179600683,100,49,54622,412.915,1980
263212229731734,100,50,54622,395.363,1980
263212279903961,100,50,54622,395.363,1980
263212334465421,100,50,54622,378.172,1980
263212384618352,100,50,54622,378.172,1980
263212434778011,81,40,54622,364.25,1980
263212486938832,81,40,54622,364.25,1980
263212537091739,81,40,54622,382.63,1980
263212587243584,81,40,54622,382.63,1980
263212637395776,92,48,54622,420.817,1980
263212687570491,92,48,54622,420.817,1980
263212737708628,92,48,54622,463.875,1980
263212787858073,92,48,54622,463.875,1980
263212838025034,97,51,54622,484.038,1980
263212888184804,97,51,54622,484.038,1980
263212938350232,97,51,54622,505.949,1980
263212988477740,97,51,54622,505.949,1980
263213039277067,98,54,54622,522.036,1980
263213090172391,98,54,54622,522.036,1980
263213140930168,98,54,54622,502.584,1980
263213194061471,98,54,54622,502.584,1980
263213244726841,2,2,54622,481.357,1980
263213294865763,2,2,54622,481.357,1980
263213345039609,2,2,54622,481.245,1980
263213395636954,2,2,54622,481.245,1980
263213445882591,97,47,54622,474.057,1980
263213496062318,97,47,54622,474.057,1980
263213546619715,97,47,54622,451.765,1980
263213596759429,97,47,54622,451.765,1980
263213646897933,100,49,54622,430.582,1980
263213697215483,100,49,54622,430.582,1980
263213747349440,100,49,54622,411.215,1980
263213797505302,100,49,54622,411.215,1980
263213848490209,100,50,54622,384.373,1980
263213898620056,100,50,54624,384.373,1980
263213948743317,100,50,54624,369.032,1980
263213998865157,100,50,54624,369.032,1980
263214049033117,82,42,54624,371.888,1980
263214099202764,82,42,54624,371.888,1980
263214149368165,82,42,54624,413.215,1980
263214199535746,82,42,54624,413.215,1980
263214249704634,97,53,54624,449.912,1980
263214299876114,97,53,54624,449.912,1980
263214350077191,97,53,54624,478.823,1980
263214400248070,97,53,54624,478.823,1980
263214450387774,95,54,54624,502.762,1980
263214500557396,95,54,54624,502.762,1980
263214550731456,95,54,54624,522.212,1980
263214601488213,95,54,54624,522.212,1980
263214652454350,95,59,54624,529.866,1980
263214703420572,95,59,54624,529.866,1980
263214754293428,95,59,54624,511.586,1980
263214804509816,95,59,54624,511.586,1980
263214855427058,2,2,54624,495.762,1980
263214905550389,2,2,54624,495.762,1980
263214955903315,2,2,54624,492.335,1980
263215006057224,2,2,54624,492.335,1980
263215056810076,97,47,54624,470.751,1980
263215107390370,97,47,54624,470.751,1980
263215157526231,97,47,54624,448.889,1980
263215207812538,97,47,54624,448.889,1980
263215257954128,100,49,54624,430.689,1980
263215308111174,100,49,54624,430.689,1980
263215358486642,100,49,54624,404.519,1980
263215408814999,100,49,54624,404.519,1980
263215458994483,100,50,54624,378.247,1980
263215509133443,100,50,54624,378.247,1980
263215559283773,100,50,54624,371.654,1980
263215609428828,100,50,54624,371.654,1980
263215659574835,98,51,54624,382.492,1980
263215709761433,98,51,54624,382.492,1980
263215759909965,98,51,54624,420.704,1980
263215811611123,98,51,54624,420.704,1980
263215861784389,97,50,54624,466.088,1980
263215911940706,97,50,54624,466.088,1980
263215962060635,97,50,54624,491.66,1980
263216012182562,97,50,54624,491.66,1980
263216062345134,98,55,54624,515.091,1980
263216112525272,98,55,54624,515.091,1980
263216163322851,98,55,54624,535.079,1980
263216214077631,98,55,54624,521.923,1980
263216265015743,69,50,54624,521.923,1980
263216315972506,69,50,54624,498.45,1980
263216366167794,69,50,54624,498.45,1980
263216416337226,22,11,54624,494.173,1980
263216467227079,22,11,54624,494.173,1980
263216517403166,22,11,54624,487.709,1980
263216568550864,22,11,54624,487.709,1980
263216618982036,97,47,54624,464.605,1980
263216669204587,97,47,54624,464.605,1980
263216719320566,97,47,54624,445.736,1980
263216769599454,97,47,54624,445.736,1980
263216819734522,100,49,54624,418.103,1980
263216869929452,100,49,54624,418.103,1980
263216920165969,100,49,54624,393.009,1980
263216970593922,100,49,54624,393.009,1980
263217020714805,100,50,54624,370.088,1980
263217070830964,100,50,54624,370.088,1980
263217120935400,100,50,54624,371.611,1980
263217171054670,100,50,54624,371.611,1980
263217221159693,99,53,54624,397.202,1980
263217271268681,99,53,54624,397.202,1980
263217321388681,99,53,54624,441.059,1980
263217371505572,99,53,57004,441.059,1980
263217421605368,95,54,57004,477.04,1980
263217471706664,95,54,57004,477.04,1980
263217521809984,95,54,57004,497.527,1980
263217571924291,95,54,57004,497.527,1980
263217628515134,99,57,57004,521.317,1980
263217678642439,99,57,57004,521.317,1980
263217728805576,99,57,57004,547.206,1980
263217779674869,99,57,57004,547.206,1980
263217830790508,70,51,57004,536.848,1980
263217881429688,70,51,57004,536.848,1980
263217931641887,70,51,57004,513.004,1980
263217982672795,70,51,57004,513.004,1980
263218032914336,22,10,57004,517.881,1980
263218083848880,22,10,57004,517.881,1980
263218134597386,22,10,57004,495.854,1980
263218184727068,22,10,57004,495.854,1980
263218234918361,99,48,57004,473.746,1980
263218285196491,99,48,57004,473.746,1980
263218335396234,99,48,57004,451.476,1980
263218385889820,99,48,57004,451.476,1980
263218436023567,100,49,57004,431.547,1980
263218486177378,100,49,57004,431.547,1980
263218536771468,100,49,57004,402.746,1980
263218591553065,100,49,57004,402.746,1980
263218643203054,100,50,57004,369.719,1980
263218693319775,100,50,57004,369.719,1980
263218743466178,100,50,57004,371.563,1980
263218793634979,100,50,57004,371.563,1980
263218843790413,92,46,57004,399.739,1980
263218893924909,92,46,57004,399.739,1980
263218944087938,92,46,57004,447.058,1980
263218994255116,92,46,57004,447.058,1980
263219044414665,95,52,57004,473.378,1980
263219094562150,95,52,57004,473.378,1980
263219144690694,95,52,57004,495.287,1980
263219194827921,95,52,57004,495.287,1980
263219244987721,96,53,57004,514.828,1980
263219295897920,96,53,57004,514.828,1980
263219346715713,96,53,57004,515.812,1980
263219397480103,96,53,57004,515.812,1980
263219448088796,5,4,57004,496.369,1980
263219499084355,5,4,57004,496.369,1980
263219549735505,5,4,57004,483.335,1980
263219599895741,5,4,57004,483.335,1980
263219650476005,81,39,57004,491.54,1980
263219700813886,81,39,57004,491.54,1980
263219750975910,81,39,57004,465.785,1980
263219801071360,81,39,57004,465.785,1980
263219851191877,99,48,57004,443.962,1980
263219901370433,99,48,57004,443.962,1980
263219951846570,99,48,57004,421.995,1980
263220002238057,99,48,57004,421.995,1980
263220052483214,100,50,57004,401.745,1980
263220102651364,100,50,57004,401.745,1980
263220152796619,100,50,57004,376.98,1980
263220202965017,100,50,57004,376.98,1980
263220253080984,87,43,57004,367.288,1980
263220303196601,87,43,57004,367.288,1980
263220353317228,87,43,57004,384.794,1980
263220403435870,87,43,57004,384.794,1980
263220453549023,93,48,57004,424.091,1980
263220503667289,93,48,57004,424.091,1980
263220553804890,93,48,57004,459.693,1980
263220604057544,93,48,57004,459.693,1980
263220654166614,96,53,57004,484.241,1980
263220704273631,96,53,57004,484.241,1980
263220755299115,96,53,57004,502.503,1980
263220806347257,96,53,57004,502.503,1980
263220856893426,91,61,57004,497.048,1980
263220907732090,91,61,57004,497.048,1980
263220957855482,91,61,57004,476.128,1980
263221008022487,91,61,57004,476.128,1980
263221058193519,2,1,57004,463.853,1980
263221109150670,2,1,57004,463.853,1980
263221159320681,2,1,57004,468.556,1980
263221210191213,2,1,57004,468.556,1980
263221260331170,96,47,57004,457.966,1980
263221310458568,96,47,57004,457.966,1980
263221361207962,96,47,57004,431.553,1980
263221412818379,96,47,57004,431.553,1980
263221462994895,100,49,57004,413.547,1980
263221513284060,100,49,57004,413.547,1980
263221563525238,100,49,57004,393.932,1980
263221613757894,100,49,57004,393.932,1980
263221663928010,100,50,57004,367.154,1980
263221714044826,100,50,57004,367.154,1980
263221764342826,100,50,57004,365.504,1980
263221814498280,100,50,57004,365.504,1980
263221864626438,98,49,57004,390.567,1980
263221914744626,98,49,57004,390.567,1980
263221964892279,98,49,57004,439.363,1980
263222015016242,98,49,57004,439.363,1980
263222065151516,95,52,57004,476.538,1980
263222115301208,95,52,57004,476.538,1980
263222165436880,95,52,57004,497.769,1980
263222215572758,95,52,57004,497.769,1980
263222265689329,97,52,57004,520.369,1980
263222316597574,97,52,57004,520.369,1980
263222367283970,97,52,57004,524.846,1980
263222417998415,19,19,57004,503.333,1980
263222468150510,19,19,57004,503.333,1980
263222519263993,19,19,57004,490.006,1980
263222569431980,19,19,57004,490.006,1980
263222620386214,76,36,57004,492.514,1980
263222671531825,76,36,57004,492.514,1980
263222721704114,76,36,57004,483.19,1980
263222771931963,76,36,57004,483.19,1980
263222822116196,100,49,57004,456.158,1980
263222872635155,100,49,57004,456.158,1980
263222922809310,100,49,57004,432.907,1980
263222973278707,100,49,57004,432.907,1980
263223023439042,100,50,57004,408.785,1980
263223073622955,100,50,57004,408.785,1980
263223124067433,100,50,57004,389.606,1980
263223174208478,100,50,57004,389.606,1980
263223224325340,86,42,57004,383.295,1980
263223275480223,86,42,57004,383.295,1980
263223325776894,86,42,57004,393.356,1980
263223375932019,86,42,57004,393.356,1980
263223426068483,92,48,57004,432.641,1980
263223476184675,92,48,57004,432.641,1980
263223526294497,92,48,57004,467.608,1980
263223576396827,92,48,57004,467.608,1980
263223626558396,96,53,57004,490.224,1980
263223676660270,96,53,57004,490.224,1980
263223726761264,96,53,57004,515.336,1980
263223778951989,96,53,57004,515.336,1980
263223829915413,95,58,57004,520.588,1980
263223880751789,95,58,57004,520.588,1980
263223931400488,95,58,57004,499.659,1980
263223981514699,95,58,57004,499.659,1980
263224032413888,2,2,57004,485.692,1980
263224082604882,2,2,57004,485.692,1980
263224132738162,2,2,57004,487.233,1980
263224183499284,2,2,57004,487.233,1980
263224233691185,97,47,57004,476.15,1980
263224283818983,97,47,57004,476.15,1980
263224334304052,97,47,57004,449.959,1980
263224384929762,97,47,57004,449.959,1980
263224435588730,100,49,57004,435.366,1980
263224485955036,100,49,57004,435.366,1980
263224536152584,100,49,57004,411.891,1980
263224586381067,100,49,57004,411.891,1980
263224641774238,100,49,57004,388.868,1980
263224691906610,100,49,57004,388.868,1980
263224742021535,100,49,57004,376.481,1980
263224792149752,100,49,57004,376.481,1980
263224842277144,97,47,57004,384.28,1980
263224892389526,97,47,57004,384.28,1980
263224942551793,97,47,57004,430.546,1980
263224992726149,97,47,57004,430.546,1980
263225042898527,97,50,57004,465.094,1980
263225093043567,97,50,57004,465.094,1980
263225143185129,97,50,57004,485.545,1980
263225193336797,97,50,57004,485.545,1980
263225243468418,96,53,57004,504.386,1980
263225293572314,96,53,57004,504.386,1980
263225343675654,96,53,57004,530.752,1980
263225394745234,96,53,57004,530.752,1980
263225445656997,77,54,57004,518.725,1980
263225496403683,77,54,57004,518.725,1980
263225546586365,77,54,57004,497.287,1980
263225596713232,77,54,57004,497.287,1980
263225646974748,19,9,57004,489.682,1980
263225697574721,19,9,57004,489.682,1980
263225748550654,19,9,57004,487.987,1980
263225798857968,19,9,57004,487.987,1980
263225849081440,99,48,57004,462.994,1980
263225899276037,99,48,57004,462.994,1980
263225950357745,99,48,57004,445.25,1980
263226000545488,99,48,57004,445.25,1980
263226050719801,100,49,57004,423.525,1980
263226100874955,100,49,57004,423.525,1980
263226151296648,100,49,57004,406.052,1980
263226201600220,100,49,57004,406.052,1980
263226251734949,100,50,57004,385.786,1980
263226303560891,100,50,57004,385.786,1980
263226354352897,100,50,57004,390.302,1980
263226404524939,100,50,57004,390.302,1980
263226454648631,96,49,57004,412.71,1980
263226504753851,96,49,57004,412.71,1980
263226554858287,96,49,57004,452.753,1980
263226604964894,96,49,57004,452.753,1980
263226655089985,96,53,57004,478.035,1980
263226705243972,96,53,57004,478.035,1980
263226755362583,96,53,57004,500.032,1980
263226805495901,96,53,57004,500.032,1980
263226855643825,97,52,57004,518.063,1980
263226906750101,97,52,57004,518.063,1980
263226957715212,97,52,57004,524.136,1980
263227008417352,97,52,57004,524.136,1980
263227063079302,14,13,57004,500.33,1980
263227113883550,14,13,57004,500.33,1980
263227164354856,14,13,57004,489.768,1980
263227214503635,14,13,57004,489.768,1980
263227264688093,79,38,57004,483.925,1980
263227314899522,79,38,57004,483.925,1980
263227365096890,79,38,57004,461.216,1980
263227415357193,79,38,57004,461.216,1980
263227465519001,99,48,57004,444.544,1980
263227516050956,99,48,57004,444.544,1980
263227566346586,99,48,57004,427.292,1980
263227616524403,99,48,57004,427.292,1980
263227666692160,100,50,57004,401.328,1980
263227717004459,100,50,57004,401.328,1980
263227767197068,100,50,57004,379.302,1980
263227817332846,100,50,57004,379.302,1980
263227867484317,83,41,57004,372.46,1980
263227917619839,83,41,57004,372.46,1980
263227967765137,83,41,57004,389.33,1980
263228019177366,83,41,57004,389.33,1980
263228069322596,92,49,57004,427.552,1980
263228119440197,92,49,57004,427.552,1980
263228169597114,92,49,57004,473.727,1980
263228219727648,92,49,57004,473.727,1980
263228269878996,95,56,57004,494.034,1980
263228320055413,95,56,57004,494.034,1980
263228370182222,95,56,57004,510.194,1980
263228420291338,95,56,57004,510.194,1980
263228470899594,95,54,57004,532.303,1980
263228521559474,95,54,57004,514.464,1980
263228572363864,95,54,57004,514.464,1980
263228622480082,2,2,57004,502.428,1980
263228672614081,2,2,57004,502.428,1980
263228722738216,2,2,57004,494.189,1980
263228773495391,2,2,57004,494.189,1980
263228823703317,97,47,57004,482.384,1980
263228874410760,97,47,57004,482.384,1980
263228924974868,97,47,57004,461.024,1980
263228975451733,97,47,57004,461.024,1980
263229025631265,100,49,57004,435.288,1980
263229075800224,100,49,57004,435.288,1980
263229126127171,100,49,57004,409.932,1980
263229176264291,100,49,57004,409.932,1980
263229226415962,100,50,57004,380.691,1980
263229276574124,100,50,57004,380.691,1980
263229326726990,100,50,57004,370.597,1980
263229376840834,100,50,57004,370.597,1980
263229426984994,87,43,57004,377.212,1980
263229477136287,87,43,57004,377.212,1980
263229527255471,87,43,57004,414.15,1980
263229577362632,87,43,57004,414.15,1980
263229627466161,98,52,57004,451.474,1980
263229677589380,98,52,57004,451.474,1980
263229727727371,98,52,57004,471.696,1980
263229777884834,98,52,57004,471.696,1980
263229828018267,96,53,57004,497.611,1980
263229878180684,96,53,57004,497.611,1980
263229928329856,96,53,57004,519.848,1980
263229979101897,96,53,57004,519.848,1980
263230029940275,97,62,57004,513.494,1980
263230081039255,97,62,57004,513.494,1980
263230131729865,97,62,57004,501.752,1980
263230182401692,97,62,57004,501.752,1980
263230232621314,2,2,57004,490.782,1980
263230282785428,2,2,57004,490.782,1980
263230333709220,2,2,57004,489.871,1980
263230384653119,2,2,57004,489.871,1980
263230435613127,97,47,57004,462.212,1980
263230485797687,97,47,57004,462.212,1980
263230535921454,97,47,57004,439.468,1980
263230586095106,97,47,57004,439.468,1980
263230636292819,100,49,57004,419.201,1980
263230686489337,100,49,57004,419.201,1980
263230736958677,100,49,57004,404.715,1980
263230787339181,100,49,57004,404.715,1980
263230837528114,100,50,57004,379.813,1980
263230887674266,100,50,57004,379.813,1980
263230937793743,100,50,57004,375.611,1980
263230987899842,100,50,57004,375.611,1980
263231038020984,98,49,57004,398.589,1980
263231088168323,98,49,57004,398.589,1980
263231138330424,98,49,57004,443.543,1980
263231188491525,98,49,57004,443.543,1980
263231238619908,96,52,57004,473.732,1980
263231288730981,96,52,57004,473.732,1980
263231338866383,96,52,57004,494.595,1980
263231388991004,96,52,57004,494.595,1980
263231439118833,97,52,57004,516.823,1980
263231490173595,97,52,57004,516.823,1980
263231541190989,97,52,57004,512.954,1980
263231591991328,97,52,57004,512.954,1980
263231642801460,18,18,57004,492.088,1980
263231692915622,18,18,57004,492.088,1980
263231743101019,18,18,57004,481.754,1980
263231793261358,18,18,57004,481.754,1980
263231844162022,73,34,57004,484.5,1980
263231894554401,73,34,57004,484.5,1980
263231945379392,73,34,57004,468.313,1980
263231995552282,73,34,57004,468.313,1980
263232045742592,95,47,57004,446.018,1980
263232096270938,95,47,57004,446.018,1980
263232146434344,95,47,57004,428.306,1980
263232196575464,95,47,57004,428.306,1980
263232246736337,100,50,57004,401.819,1980
263232297275285,100,50,57004,401.819,1980
263232347453660,100,50,57004,381.34,1980
263232397614841,100,50,57004,381.34,1980
263232447737862,87,43,57004,377.812,1980
263232497890290,87,43,57004,377.812,1980
263232548064778,87,43,57004,395.328,1980
263232598214572,87,43,57004,395.328,1980
263232648336090,92,49,57004,437.416,1980
263232698450388,92,49,57004,437.416,1980
263232748585222,92,49,57004,468.448,1980
263232798703869,92,49,57004,468.448,1980
263232848914250,96,52,57004,489.517,1980
263232899030385,96,52,57004,489.517,1980
263232949142312,96,52,57004,510.272,1980
263232999389067,96,52,57004,510.272,1980
263233050385011,98,54,57004,517.772,1980
263233101406979,98,54,57004,517.772,1980
263233152439224,98,54,57004,497.733,1980
263233202577563,98,54,57004,497.733,1980
263233252754208,2,2,57004,479.341,1980
263233303702824,2,2,57004,479.341,1980
263233354651031,2,2,57004,485.454,1980
263233404813928,2,2,57004,485.454,1980
263233454970797,98,48,57004,473.291,1980
263233505120081,98,48,57004,473.291,1980
263233555318360,98,48,57004,447.816,1980
263233605446679,98,48,57004,447.816,1980
263233655586284,100,49,57004,428.908,1980
263233705695843,100,49,57004,428.908,1980
263233755931698,100,49,57004,406.274,1980
263233806084016,100,49,57004,406.274,1980
263233856222313,100,50,57004,381.744,1980
263233906447788,100,50,57004,381.744,1980
263233956565789,100,50,57004,370.085,1980
263234006685718,100,50,57004,370.085,1980
263234057885555,89,44,57004,382.26,1980
263234108024092,89,44,57004,382.26,1980
263234158140929,89,44,57004,419.291,1980
263234208246764,89,44,57004,419.291,1980
263234258371413,95,51,57004,461.212,1980
263234308480244,95,51,57004,461.212,1980
263234358583641,95,51,57004,481.259,1980
263234408686746,95,51,57004,481.259,1980
263234458791821,97,52,57004,500.069,1980
263234508897923,97,52,57004,500.069,1980
263234559869733,97,52,57004,518.485,1980
263234610689386,97,52,57004,518.485,1980
263234661324512,68,49,57004,503.898,1980
263234711926586,68,49,57004,503.898,1980
263234763283530,68,49,57004,480.025,1980
263234813455948,68,49,57004,480.025,1980
263234864566295,23,11,57004,481.468,1980
263234914772416,23,11,57004,481.468,1980
263234965476041,23,11,57004,474.581,1980
263235015728329,23,11,57004,474.581,1980
263235065905752,97,47,57004,451.051,1980
263235116136317,97,47,57004,451.051,1980
263235166436070,97,47,57004,431.635,1980
263235216621205,97,47,57004,431.635,1980
263235267389848,100,49,57004,410.406,1980
263235317540699,100,49,57004,410.406,1980
263235367699705,100,49,57004,391.069,1980
263235417854555,100,49,57004,391.069,1980
263235467990973,100,50,57004,381.337,1980
263235518152973,100,50,57004,381.337,1980
263235568335039,100,50,57004,388.354,1980
263235618513681,100,50,57004,388.354,1980
263235668683804,92,47,57004,422.416,1980
263235718849262,92,47,57004,422.416,1980
263235769023231,92,47,57004,463.695,1980
263235819198599,92,47,57004,463.695,1980
263235869324110,96,53,57004,495.821,1980
263235919478720,96,53,57004,495.821,1980
263235969646727,96,53,57004,517.818,1980
263236019814864,96,53,57004,517.818,1980
263236070726842,96,53,57004,538.512,1980
263236121419880,96,53,57004,538.512,1980
263236172206698,96,53,57004,526.953,1980
263236223053570,96,53,57004,526.953,1980
263236274520309,2,2,57004,508.017,1980
263236324722927,2,2,57004,502.29,1980
263236375295011,2,2,57004,502.29,1980
263236425531026,93,44,57004,497.904,1980
263236475927247,93,44,57004,497.904,1980
263236526121681,93,44,57004,468.45,1980
263236576276012,93,44,57004,468.45,1980
263236626432192,100,49,57004,446.083,1980
263236676659924,100,49,57004,446.083,1980
263236727244572,100,49,57004,428.743,1980
263236777406030,100,49,57004,428.743,1980
263236827596719,100,50,57004,406.079,1980
263236877768600,100,50,57004,406.079,1980
263236927946422,100,50,57004,379.178,1980
263236978127787,100,50,57004,379.178,1980
263237028271844,81,41,57004,376.615,1980
263237078389794,81,41,57004,376.615,1980
263237128502458,81,41,57004,407.413,1980
263237178663485,81,41,57004,407.413,1980
263237228837923,93,51,57004,452.434,1980
263237279010028,93,51,57004,452.434,1980
263237329172122,93,51,57004,485.548,1980
263237379344043,93,51,57004,485.548,1980
263237429507306,98,58,57004,509.569,1980
263237479670355,98,58,57004,509.569,1980
263237529827301,98,58,57004,526.546,1980
263237579989192,98,58,57004,526.546,1980
263237630194365,95,56,57004,549.904,1980
263237680951643,95,56,57004,549.904,1980
263237731721251,95,56,57004,540.755,1980
263237782410420,95,56,57004,540.755,1980
263237833354617,2,2,57004,519.36,1980
263237883620749,2,2,57004,519.36,1980
263237933870848,2,2,57004,521.185,1980
263237984042520,2,2,57004,521.185,1980
263238034230936,89,43,57004,499.325,1980
263238084408135,89,43,57004,499.325,1980
263238134593662,89,43,57004,471.702,1980
263238184777517,89,43,57004,471.702,1980
263238234950968,99,48,57004,448.446,1980
263238285188469,99,48,57004,448.446,1980
263238335353745,99,48,57004,423.597,1980
263238385510369,99,48,57004,423.597,1980
263238435691581,100,50,57004,404.555,1980
263238485871777,100,50,57004,404.555,1980
263238536034219,100,50,57004,376.275,1980
263238586203111,100,50,57004,376.275,1980
263238636364750,87,44,57004,378.542,1980
263238686521476,87,44,57004,378.542,1980
263238736688258,87,44,57004,413.929,1980
263238786851394,87,44,57004,413.929,1980
263238837022895,92,51,57004,460.465,1980
263238887217318,92,51,57004,460.465,1980
263238937380276,92,51,57004,490.698,1980
263238987505660,92,51,57004,490.698,1980
263239037653030,98,58,57004,517.076,1980
263239087818307,98,58,57004,517.076,1980
263239137993975,98,58,57004,536.846,1980
263239188165657,98,58,57004,536.846,1980
263239238355382,95,56,57004,559.657,1980
263239288970758,95,56,57004,559.657,1980
263239339937604,95,56,57004,556.139,1980
263239390555887,95,56,57004,556.139,1980
263239441521169,3,3,57004,536.558,1980
263239492347050,3,3,57004,536.558,1980
263239542478024,3,3,57004,532.459,1980
263239592664696,3,3,57004,532.459,1980
263239642859901,91,44,57004,505.415,1980
263239692986036,91,44,57004,505.415,1980
263239743103046,91,44,57004,482.789,1980
263239793220521,91,44,57004,482.789,1980
263239843419360,100,49,57004,456.405,1980
263239893618230,100,49,57004,456.405,1980
263239943815622,100,49,57004,428.698,1980
263239993979451,100,49,57004,428.698,1980
263240044150686,100,50,57004,405.681,1980
263240097622130,100,50,57004,405.681,1980
263240147755835,100,50,57004,382.017,1980
263240197867124,100,50,57004,382.017,1980
263240247980013,87,45,57004,379.747,1980
263240298154248,87,45,57004,379.747,1980
263240348327255,87,45,57004,406.12,1980
263240398508624,87,45,57004,406.12,1980
263240448673987,98,54,57004,449.606,1980
263240498835120,98,54,57004,449.606,1980
263240549002945,98,54,57004,484.529,1980
263240599165761,98,54,57004,484.529,1980
263240649340313,95,55,57004,504.349,1980
263240699499677,95,55,57004,504.349,1980
263240750150914,95,55,57004,522.091,1980
263240801114787,95,55,57004,522.091,1980
263240851938559,74,52,57004,503.683,1980
263240902946310,74,52,57004,503.683,1980
263240953398790,74,52,57004,484.213,1980
263241003533905,74,52,57004,484.213,1980
263241053710867,18,8,57004,478.272,1980
263241104852423,18,8,57004,478.272,1980
263241155018229,18,8,57004,482.678,1980
263241205190689,18,8,57004,482.678,1980
263241255377910,97,48,57004,458.999,1980
263241305551939,97,48,57004,458.999,1980
263241355709189,97,48,57004,435.359,1980
263241406222975,97,48,57004,435.359,1980
263241456390280,100,49,57004,413.462,1980
263241506603353,100,49,57004,413.462,1980
263241556913896,100,49,57004,394.195,1980
263241607061365,100,49,57004,394.195,1980
263241657188736,100,50,57004,373.877,1980
263241707360690,100,50,57004,373.877,1980
263241757531290,100,50,57004,381.175,1980
263241807687612,100,50,57004,381.175,1980
263241857844085,94,47,57004,411.498,1980
263241908004247,94,47,57004,411.498,1980
263241958163901,94,47,57004,452.67,1980
263242008313244,94,47,57004,452.67,1980
263242058456309,95,52,57004,487.127,1980
263242108575093,95,52,57004,487.127,1980
263242158682008,95,52,57004,509.229,1980
263242208793092,95,52,57004,509.229,1980
263242259174757,97,52,57004,535.26,1980
263242310167224,97,52,57004,535.26,1980
263242361253849,97,52,57004,536.737,1980
263242411997449,97,52,57004,536.737,1980
263242462690965,22,22,57004,513.538,1980
263242512874956,22,22,57004,513.538,1980
263242563046310,22,22,57004,499.217,1980
263242613946029,22,22,57004,499.217,1980
263242664115085,67,32,57004,500.417,1980
263242714623548,67,32,57004,500.417,1980
263242764922282,67,32,57004,476.402,1980
263242815067318,67,32,57004,476.402,1980
263242865335570,100,49,57004,451.184,1980
263242915533361,100,49,57004,451.184,1980
263242965932808,100,49,57004,432.983,1980
263243016081435,100,49,57004,432.983,1980
263243066239355,100,50,57004,409.237,1980
263243116692373,100,50,57004,409.237,1980
263243166851806,100,50,57004,386.911,1980
263243217021279,100,50,57004,386.911,1980
263243267203799,86,43,57004,379.075,1980
263243317358215,86,43,57004,379.075,1980
263243367527043,86,43,57004,394.425,1980
263243417726776,86,43,57004,394.425,1980
263243467841721,91,49,57004,440.132,1980
263243517947010,91,49,57004,440.132,1980
263243568077002,91,49,57004,474.046,1980
263243618223553,91,49,57004,474.046,1980
263243669727409,96,55,57004,499.728,1980
263243719892831,96,55,57004,499.728,1980
263243770054365,96,55,57004,521.9,1980
263243820227588,96,55,57004,521.9,1980
263243871294085,95,54,57004,539.083,1980
263243922350013,95,54,57004,539.083,1980
263243973258526,95,54,57004,522.776,1980
263244023398833,95,54,57004,522.776,1980
263244074363200,2,2,57004,497.186,1980
263244124558882,2,2,57004,497.186,1980
263244175468268,2,2,57004,501.645,1980
263244225940310,2,2,57004,501.645,1980
263244276312285,98,47,57004,485.355,1980
263244326702592,98,47,57004,485.355,1980
263244376901182,98,47,57004,468.217,1980
263244427070525,98,47,57004,468.217,1980
263244477278615,100,49,57004,444.074,1980
263244527996889,100,49,57004,444.074,1980
263244578156439,100,49,57004,422.799,1980
263244628347679,100,49,57004,403.128,1980
263244679805677,100,50,57004,403.128,1980
263244729964011,100,50,57004,380.582,1980
263244780109229,100,50,57004,380.582,1980
263244830276022,80,39,57004,390.645,1980
263244880398591,80,39,57004,390.645,1980
263244930557697,80,39,57004,429.26,1980
263244980723927,80,39,57004,429.26,1980
263245030893734,98,52,57004,473.641,1980
263245081057033,98,52,57004,473.641,1980
263245131181732,98,52,57004,494.053,1980
263245181288460,98,52,57004,494.053,1980
263245231404808,96,53,57004,513.442,1980
263245281567510,96,53,57004,513.442,1980
263245331728507,96,53,57004,534.47,1980
263245382652742,96,53,57004,534.47,1980
263245434078380,97,61,57004,532.275,1980
263245485146461,97,61,57004,532.275,1980
263245536101334,97,61,57004,505.773,1980
263245586809702,97,61,57004,505.773,1980
263245637078226,2,2,57004,496.015,1980
263245687538751,2,2,57004,496.015,1980
263245738041946,2,2,57004,497.075,1980
263245788878340,2,2,57004,497.075,1980
263245839592021,95,46,57004,471.334,1980
263245889822806,95,46,57004,471.334,1980
263245939992200,95,46,57004,449.631,1980
263245990210298,95,46,57004,449.631,1980
263246040733430,100,49,57004,429.147,1980
263246090861126,100,49,57004,429.147,1980
263246141006916,100,49,57004,407.126,1980
263246191445257,100,49,57004,407.126,1980
263246241610721,100,50,57004,377.72,1980
263246291763969,100,50,57004,377.72,1980
263246341907642,100,50,57004,376.16,1980
263246392042836,100,50,57004,376.16,1980
263246442154577,98,49,57004,403.306,1980
263246492333684,98,49,57004,403.306,1980
263246542484609,98,49,57004,443.316,1980
263246592605586,98,49,57004,443.316,1980
263246642740603,94,50,57004,477.472,1980
263246692855418,94,50,57004,477.472,1980
263246743008279,94,50,57004,497.934,1980
263246793173316,94,50,57004,497.934,1980
263246843301017,98,54,57004,524.005,1980
263246893408802,98,54,57004,524.005,1980
263246944292301,98,54,57004,539.768,1980
263246995083669,98,54,57004,539.768,1980
263247045700265,56,42,57004,518.336,1980
263247096646942,56,42,57004,518.336,1980
263247147661714,56,42,57004,497.475,1980
263247197830850,56,42,57004,497.475,1980
263247248044327,36,18,57004,504.458,1980
263247298454771,36,18,57004,504.458,1980
263247348650224,36,18,57004,486.227,1980
263247398817838,36,18,57004,486.227,1980
263247448989019,99,48,57004,464.933,1980
263247499578735,99,48,57004,464.933,1980
263247549812877,99,48,57004,446.451,1980
263247600078790,99,48,57004,446.451,1980
263247650240825,100,50,57004,419.855,1980
263247700446265,100,50,57004,419.855,1980
263247751047561,100,50,57004,395.103,1980
263247801208452,100,50,57004,395.103,1980
263247851331025,100,50,57004,381.719,1980
263247901440628,100,50,57004,381.719,1980
263247951562747,100,50,57004,386.009,1980
263248001721570,100,50,57004,386.009,1980
263248051887748,92,48,57004,430.466,1980
263248102065928,92,48,57004,430.466,1980
263248152227465,92,48,57004,472.794,1980
263248202357178,92,48,57004,472.794,1980
263248252470243,95,54,57004,495.071,1980
263248302577970,95,54,57004,495.071,1980
263248352706980,95,54,57004,518.426,1980
263248402826070,95,54,57004,518.426,1980
263248452932055,97,54,57004,541.23,1980
263248503784793,97,54,57004,541.23,1980
263248554541073,97,54,57004,542.664,1980
263248605512029,97,54,57004,542.664,1980
263248656323924,28,28,57004,526.375,1980
263248707182238,28,28,57004,526.375,1980
263248758120671,28,28,57004,511.47,1980
263248808477595,28,28,57004,511.47,1980
263248858693659,60,29,57004,506.373,1980
263248908860912,60,29,57004,506.373,1980
263248959619484,60,29,57004,478.085,1980
263249009769654,60,29,57004,478.085,1980
263249059890541,100,49,57004,457.296,1980
263249110006238,100,49,57004,457.296,1980
263249160151217,100,49,57004,432.809,1980
263249210304525,100,49,57004,432.809,1980
263249260494238,100,50,57004,407.81,1980
263249310632280,100,50,57004,407.81,1980
263249360799575,100,50,57004,384.15,1980
263249411367009,100,50,57004,384.15,1980
263249461672786,82,40,57004,383.009,1980
263249511798778,82,40,57004,383.009,1980
263249561966086,82,40,57004,392.7,1980
263249612090252,82,40,57004,392.7,1980
263249662217168,92,48,57004,432.825,1980
263249712327761,92,48,57004,432.825,1980
263249762449369,92,48,57004,460.621,1980
263249812593196,92,48,57004,460.621,1980
263249862724058,96,54,57004,481.456,1980
263249913751651,96,54,57004,481.456,1980
263249964606659,96,54,57004,480.127,1980
263250015509055,96,54,57004,480.127,1980
263250066274357,25,25,57004,458.401,1980
263250117039583,25,25,57004,458.401,1980
263250167551343,25,25,57004,448.02,1980
263250217684354,25,25,57004,448.02,1980
263250267829309,70,33,57004,448.727,1980
263250318354362,70,33,57004,448.727,1980
263250368526299,70,33,57004,451.082,1980
263250418707374,70,33,57004,451.082,1980
263250469326381,99,48,57004,426.339,1980
263250519483321,99,48,57004,426.339,1980
263250569687759,99,48,57004,406.918,1980
263250620107340,99,48,57004,406.918,1980
263250670386925,100,50,57004,393.833,1980
263250720614907,100,50,57004,393.833,1980
263250770747105,100,50,57004,372.587,1980
263250820879956,100,50,57004,372.587,1980
263250870990979,87,43,57004,371.943,1980
263250921109481,87,43,57004,371.943,1980
263250971267347,87,43,57004,393.895,1980
263251021407245,87,43,57004,393.895,1980
263251071549121,92,49,57004,438.531,1980
263251121700028,92,49,57004,438.531,1980
263251171822873,92,49,57004,472.094,1980
263251221932961,92,49,57004,472.094,1980
263251272045074,97,52,57004,495.258,1980
263251322158288,97,52,57004,495.258,1980
263251372268640,97,52,57004,515.349,1980
263251423063606,97,52,57004,515.349,1980
263251473809459,98,54,57004,525.186,1980
263251524601004,98,54,57004,525.186,1980
263251575342868,98,54,57004,507.475,1980
263251626267224,98,54,57004,507.475,1980
263251676889830,2,2,57004,487.367,1980
263251727748750,2,2,57004,487.367,1980
263251778006682,2,2,57004,488.012,1980
263251828216456,2,2,57004,488.012,1980
263251878411487,93,45,57004,475.407,1980
263251928600745,93,45,57004,475.407,1980
263251979246609,93,45,57004,456.672,1980
263252029516094,93,45,57004,456.672,1980
263252079723024,100,49,57004,432.707,1980
263252129929050,100,49,57004,432.707,1980
263252180129778,100,49,57004,407.112,1980
263252230342579,100,49,57004,407.112,1980
263252280464387,100,50,57004,381.634,1980
263252330620362,100,50,57004,381.634,1980
263252380788816,100,50,57004,374.131,1980
263252430963597,100,50,57004,374.131,1980
263252481104412,87,44,57004,383.131,1980
263252531234119,87,44,57004,383.131,1980
263252581350983,87,44,57004,430.406,1980
263252631462160,87,44,57004,430.406,1980
263252681623440,96,51,57004,469.176,1980
263252731779467,96,51,57004,469.176,1980
263252781906598,96,51,57004,494.036,1980
263252832020378,96,51,57004,494.036,1980
263252882171572,96,54,57004,516.003,1980
263252932339337,96,54,57004,516.003,1980
263252983449230,96,54,57004,534.391,1980
263253034340335,80,55,57004,522.677,1980
263253085158096,80,55,57004,522.677,1980
263253140790442,80,55,57004,499.081,1980
263253190964874,80,55,57004,499.081,1980
263253241089014,8,4,57004,495.655,1980
263253291253659,8,4,57004,495.655,1980
263253341419666,8,4,57004,489.86,1980
263253391584132,8,4,57004,489.86,1980
263253441762611,98,48,57004,466.684,1980
263253491977003,98,48,57004,466.684,1980
263253542112809,98,48,57004,444.546,1980
263253592287001,98,48,57004,444.546,1980
263253642880298,100,50,57004,418.604,1980
263253693267619,100,50,57004,418.604,1980
263253743691163,100,50,57004,387.916,1980
263253795339906,100,50,57004,387.916,1980
263253845520144,100,50,57004,369.128,1980
263253895644997,100,50,57004,369.128,1980
263253945828150,100,50,57004,375.299,1980
263253995997810,100,50,57004,375.299,1980
263254046165269,93,46,57004,408.828,1980
263254096303810,93,46,57004,408.828,1980
263254146493781,93,46,57004,452.091,1980
263254196664548,93,46,57004,452.091,1980
263254246837448,95,53,57004,475.967,1980
263254297010426,95,53,57004,475.967,1980
263254347121993,95,53,57004,497.873,1980
263254397229472,95,53,57004,497.873,1980
263254447340776,96,53,57004,513.803,1980
263254498068560,96,53,57004,513.803,1980
263254548728198,96,53,57004,501.991,1980
263254599468501,96,53,57004,501.991,1980
263254649602339,3,2,57004,485.509,1980
263254699756961,3,2,57004,485.509,1980
263254750674072,3,2,57004,483.718,1980
263254800878701,3,2,57004,483.718,1980
263254851286306,96,46,57004,488.928,1980
263254901934934,96,46,57004,488.928,1980
263254952074074,96,46,57004,460.459,1980
263255002568413,96,46,57004,460.459,1980
263255053028504,100,49,57004,440.15,1980
263255103186818,100,49,57004,440.15,1980
263255153335455,100,49,57004,413.004,1980
263255203519176,100,49,57004,413.004,1980
263255253639194,100,50,57004,391.461,1980
263255303796800,100,50,57004,391.461,1980
263255353924799,100,50,57004,368.38,1980
263255404087037,100,50,57004,368.38,1980
263255454261106,87,43,57004,379.822,1980
263255504391582,87,43,57004,379.822,1980
263255554501653,87,43,57004,407.27,1980
263255604616690,87,43,57004,407.27,1980
263255654777728,95,51,57004,448.662,1980
263255704924519,95,51,57004,448.662,1980
263255755100075,95,51,57004,476.721,1980
263255805227440,95,51,57004,476.721,1980
263255855371877,94,53,57004,496.93,1980
263255905500005,94,53,57004,496.93,1980
263255956308050,94,53,57004,511.496,1980
263256007125013,94,53,57004,511.496,1980
263256057904699,72,51,57004,492.686,1980
263256108852617,72,51,57004,492.686,1980
263256159013217,72,51,57004,478.234,1980
263256209127106,72,51,57004,478.234,1980
263256259289120,10,5,57004,474.176,1980
263256309887022,10,5,57004,474.176,1980
263256360278687,10,5,57004,473.209,1980
263256410473584,10,5,57004,473.209,1980
263256460655737,99,48,57004,449.593,1980
263256510940167,99,48,57004,449.593,1980
263256561151599,99,48,57004,424.995,1980
263256611290471,99,48,57004,424.995,1980
263256661442751,100,50,57004,403.939,1980
263256711655494,100,50,57004,403.939,1980
263256761810092,100,50,57004,379.088,1980
263256812037289,100,50,57004,379.088,1980
263256862162398,100,50,57004,352.951,1980
263256912285017,100,50,57004,352.951,1980
263256962448997,100,50,57004,366.741,1980
263257012616195,100,50,57004,366.741,1980
263257062782042,93,46,57004,403.042,1980
263257112942927,93,46,57004,403.042,1980
263257163079988,93,46,57004,442.734,1980
263257213204364,93,46,57004,442.734,1980
263257263310626,95,52,57004,473.511,1980
263257313417602,95,52,57004,473.511,1980
263257363562600,95,52,57004,492.825,1980
263257413669666,95,52,57004,492.825,1980
263257465509530,96,53,57004,518.144,1980
263257516349215,96,53,57004,518.144,1980
263257567281231,96,53,57004,514.982,1980
263257618401670,96,53,57004,514.982,1980
263257668543112,6,6,57004,494.533,1980
263257719425129,6,6,57004,494.533,1980
263257769571681,6,6,57004,488.466,1980
263257820479805,6,6,57004,488.466,1980
263257870603028,89,43,57004,494.239,1980
263257920787794,89,43,57004,494.239,1980
263257971038957,89,43,57004,469.843,1980
263258021172470,89,43,57004,469.843,1980
263258071800845,100,49,57004,447.774,1980
263258121910206,100,49,57004,447.774,1980
263258172086843,100,49,57004,421.072,1980
263258222264482,100,49,57004,421.072,1980
263258272449152,100,50,57004,398.673,1980
263258322615274,100,50,57004,398.673,1980
263258372805257,100,50,57004,377.315,1980
263258422940278,100,50,57004,377.315,1980
263258473097499,82,41,57004,373.976,1980
263258523249159,82,41,57004,373.976,1980
263258573378736,82,41,57004,397.832,1980
263258623490281,82,41,57004,397.832,1980
263258673603113,92,49,57004,445.87,1980
263258723714819,92,49,57004,445.87,1980
263258773869745,92,49,57004,478.085,1980
263258824004756,92,49,57004,478.085,1980
263258874137484,95,54,57004,500.129,1980
263258924278310,95,54,57004,500.129,1980
263258974401369,95,54,57004,518.542,1980
263259025263361,95,54,57004,518.542,1980
263259076226562,98,56,57004,522.319,1980
263259126947909,98,56,57004,522.319,1980
263259177274174,98,56,57004,503.399,1980
263259228044697,98,56,57004,503.399,1980
263259278178090,2,2,57004,488.404,1980
263259328322420,2,2,57004,488.404,1980
263259379311783,2,2,57004,495.397,1980
263259429486609,2,2,57004,495.397,1980
263259479667106,97,47,57004,476.266,1980
263259529830941,97,47,57004,476.266,1980
263259580254736,97,47,57004,453.994,1980
263259630365153,97,47,57004,453.994,1980
263259680495325,100,49,57004,434.353,1980
263259730667891,100,49,57004,434.353,1980
263259780924616,100,49,57004,410.565,1980
263259831063858,100,49,57004,410.565,1980
263259881208072,100,50,57004,381.461,1980
263259931383085,100,50,57004,381.461,1980
263259981548185,100,50,57004,376.307,1980
263260031720502,100,50,57004,376.307,1980
263260081904319,98,49,57004,390.521,1980
263260132092372,98,49,57004,390.521,1980
263260182267005,98,49,57004,430.149,1980
263260232432304,98,49,57004,430.149,1980
263260282590410,95,51,57004,470.19,1980
263260332717801,95,51,57004,470.19,1980
263260382827944,95,51,57004,492.724,1980
263260432983054,95,51,57004,492.724,1980
263260483151687,96,54,57004,513.395,1980
263260533761978,96,54,57004,513.395,1980
263260584849267,96,54,57004,517.698,1980
263260635896180,96,54,57004,517.698,1980
263260686387521,32,30,57004,494.765,1980
263260737415581,32,30,57004,480.028,1980
263260787694049,32,30,57004,480.028,1980
263260837899900,53,25,57004,480.768,1980
263260888097584,53,25,57004,480.768,1980
263260938250239,53,25,57004,469.156,1980
263260988933384,53,25,57004,469.156,1980
263261039305459,100,49,57004,447.23,1980
263261089472462,100,49,57004,447.23,1980
263261139987025,100,49,57004,431.018,1980
263261190502114,100,49,57004,431.018,1980
263261240927526,100,50,57004,405.358,1980
263261291314940,100,50,57004,405.358,1980
263261346169101,100,50,57004,386.041,1980
263261397895497,100,50,57004,386.041,1980
263261448036065,87,43,57004,375.029,1980
263261498158386,87,43,57004,375.029,1980
263261548267940,87,43,57004,385.958,1980
263261598378462,87,43,57004,385.958,1980
263261648495637,93,53,57004,434.891,1980
263261698604073,93,53,57004,434.891,1980
263261748710749,93,53,57004,472.761,1980
263261798816400,93,53,57004,472.761,1980
263261848961255,98,58,57004,497.44,1980
263261899326951,98,58,57004,497.44,1980
263261949604917,98,58,57004,515.777,1980
263261999746199,98,58,57004,515.777,1980
263262049865719,95,57,57004,536.78,1980
263262100815102,95,57,57004,536.78,1980
263262151887696,95,57,57004,529.956,1980
263262202565771,95,57,57004,529.956,1980
263262253319824,2,2,57004,507.468,1980
263262303651517,2,2,57004,507.468,1980
263262353851281,2,2,57004,501.391,1980
263262404092253,2,2,57004,501.391,1980
263262454641920,89,42,57004,496.191,1980
263262504846658,89,42,57004,496.191,1980
263262555043696,89,42,57004,470.359,1980
263262605243736,89,42,57004,470.359,1980
263262655822867,100,49,57004,446.381,1980
263262705987136,100,49,57004,446.381,1980
263262756163242,100,49,57004,420.83,1980
263262806324186,100,49,57004,420.83,1980
263262856510952,100,50,57004,401.487,1980
263262907680324,100,50,57004,401.487,1980
263262957808379,100,50,57004,376.718,1980
263263007957205,100,50,57004,376.718,1980
263263058948556,86,43,57004,379.397,1980
263263109072433,86,43,57004,379.397,1980
263263159227028,86,43,57004,402.304,1980
263263209375858,86,43,57004,402.304,1980
263263259510844,92,48,57004,449.634,1980
263263309689916,92,48,57004,449.634,1980
263263359878902,92,48,57004,478.822,1980
263263410433655,92,48,57004,478.822,1980
263263460560917,96,53,57004,500.899,1980
263263510712869,96,53,57004,500.899,1980
263263562789647,96,53,57004,518.097,1980
263263613883898,96,53,57004,518.097,1980
263263664889408,97,64,57004,509.715,1980
263263716311897,97,64,57004,509.715,1980
263263766487015,97,64,57004,488.373,1980
263263816696410,97,64,57004,488.373,1980
263263866891952,7,3,57004,484.531,1980
263263917449799,7,3,57004,484.531,1980
263263967890869,7,3,57004,485.942,1980
263264018042949,7,3,57004,485.942,1980
263264068229034,99,48,57004,457.663,1980
263264118430014,99,48,57004,457.663,1980
263264168941637,99,48,57004,443.198,1980
263264219052443,99,48,57004,443.198,1980
263264269232876,100,49,57004,421.676,1980
263264319620470,100,49,57004,421.676,1980
263264370035680,100,49,57004,393.748,1980
263264420324577,100,49,57004,393.748,1980
263264470462078,100,50,57004,375.537,1980
263264520578196,100,50,57004,375.537,1980
263264570690810,100,50,57004,382.33,1980
263264620804784,100,50,57004,382.33,1980
263264670916341,98,49,57004,411.427,1980
263264721072959,98,49,57004,411.427,1980
263264771202744,98,49,57004,454.799,1980
263264821502855,98,49,57004,454.799,1980
263264871655689,95,51,57004,484.423,1980
263264921846354,95,51,57004,484.423,1980
263264972013633,95,51,57004,505.126,1980
263265022159093,95,51,57004,505.126,1980
263265072790062,96,55,57004,527.579,1980
263265123464164,96,55,57004,527.579,1980
263265174382445,96,55,57004,528.471,1980
263265225020413,96,55,57004,528.471,1980
263265276118344,41,35,57004,509.996,1980
263265326984895,41,35,57004,509.996,1980
263265377372465,41,35,57004,494.38,1980
263265427539235,41,35,57004,494.38,1980
263265477728583,50,23,57004,496.704,1980
263265528643113,50,23,57004,496.704,1980
263265578974145,50,23,57004,469.513,1980
263265629651598,50,23,57004,469.513,1980
263265679820107,98,48,57004,448.58,1980
263265730596192,98,48,57004,448.58,1980
263265781143391,98,48,57004,426.287,1980
263265831595710,98,48,57004,426.287,1980
263265882011898,100,50,57004,407.03,1980
263265932355653,100,50,57004,407.03,1980
263265982469781,100,50,57004,377.95,1980
263266032582782,100,50,57004,377.95,1980
263266082708284,95,47,57004,376.775,1980
263266132814428,95,47,57004,376.775,1980
263266182921692,95,47,57004,391.015,1980
263266233028428,95,47,57004,391.015,1980
263266283131601,94,47,57004,433.815,1980
263266333236866,94,47,57004,433.815,1980
263266383341170,94,47,57004,465.905,1980
263266433445323,94,47,57004,465.905,1980
263266483546719,99,56,57004,484.322,1980
263266533649878,99,56,57004,484.322,1980
263266583754003,99,56,57004,497.293,1980
263266633856285,99,56,57004,497.293,1980
263266684820188,96,55,57004,511.572,1980
263266735580449,96,55,57004,511.572,1980
263266786536447,96,55,57004,495.918,1980
263266837783540,96,55,57004,495.918,1980
263266887891593,2,2,57004,476.712,1980
263266938063093,2,2,57004,476.712,1980
263266988445177,2,2,57004,474.948,1980
263267039215879,2,2,57004,474.948,1980
263267089322403,89,43,57004,463.5,1980
263267139497328,89,43,57004,463.5,1980
263267189637708,89,43,57004,440.512,1980
263267240340168,89,43,57004,440.512,1980
263267290442978,100,49,57004,420.762,1980
263267340564992,100,49,57004,420.762,1980
263267390682010,100,49,57004,406.914,1980
263267440817745,100,49,57004,406.914,1980
263267490972345,100,50,57004,390.324,1980
263267541045554,100,50,57004,390.324,1980
263267591154556,100,50,57004,376.041,1980
263267641262635,100,50,57004,376.041,1980
263267691366573,88,43,57004,387.09,1980
263267741472637,88,43,57004,424.217,1980
263267791575772,88,43,57004,424.217,1980
263267841679811,88,43,57004,468.178,1980
263267891782321,93,48,57004,468.178,1980
263267941900253,93,48,57004,492.086,1980
263267992005611,93,48,57004,492.086,1980
263268042107682,96,53,57004,513.704,1980
263268092209553,96,53,57004,513.704,1980
263268142312190,96,53,57004,534.37,1980
263268193156816,96,53,57004,534.37,1980
263268244147333,96,64,57004,517.006,1980
263268295241242,96,64,57004,517.006,1980
263268345685847,96,64,57004,489.431,1980
263268395825882,96,64,57004,489.431,1980
263268446891369,2,2,57004,487.969,1980
263268496994297,2,2,57004,487.969,1980
263268547295402,2,2,57004,489.084,1980
263268597460064,2,2,57004,489.084,1980
263268647592454,98,48,57004,464.25,1980
263268698017107,98,48,57004,464.25,1980
263268748122175,98,48,57004,438.471,1980
263268798259288,98,48,57004,438.471,1980
263268848387725,100,50,57004,414.545,1980
263268898521659,100,50,57004,414.545,1980
263268948648065,100,50,57004,389.119,1980
263269000776745,100,50,57004,389.119,1980
263269050880749,100,50,57004,370.837,1980
263269100984473,100,50,57004,370.837,1980
263269151123103,100,50,57004,378.549,1980
263269201226010,100,50,57004,378.549,1980
263269251329919,93,45,57004,414.086,1980
263269301435527,93,45,57004,414.086,1980
263269351543131,93,45,57004,452.842,1980
263269401648042,93,45,57004,452.842,1980
263269451751485,96,53,57004,484.247,1980
263269501855572,96,53,57004,484.247,1980
263269551958348,96,53,57004,505.261,1980
263269602059334,96,53,57004,505.261,1980
263269652834920,97,53,57004,519.077,1980
263269703869923,97,53,57004,519.077,1980
263269754697949,97,53,57004,499.231,1980
263269805670009,97,53,57004,499.231,1980
263269856359689,2,2,57004,482.189,1980
263269906829741,2,2,57004,482.189,1980
263269956966392,2,2,57004,481.526,1980
263270007116873,2,2,57004,481.526,1980
263270057243308,96,46,57004,483.681,1980
263270107381757,96,46,57004,483.681,1980
263270157488976,96,46,57004,459.199,1980
263270207596195,96,46,57004,459.199,1980
263270257761642,100,49,57004,434.635,1980
263270307908000,100,49,57004,434.635,1980
263270358202103,100,49,57004,408.958,1980
263270408472974,100,49,57004,408.958,1980
263270458926824,100,50,57004,382.734,1980
263270509108957,100,50,57004,382.734,1980
263270559255486,100,50,57004,374.9,1980
263270609381609,100,50,57004,374.9,1980
263270659505932,87,43,57004,383.624,1980
263270709618798,87,43,57004,383.624,1980
263270759726188,87,43,57004,418.555,1980
263270809838817,87,43,57004,418.555,1980
263270859943470,97,52,57004,462.212,1980
263270910050862,97,52,57004,462.212,1980
263270960155300,97,52,57004,483.263,1980
263271010265642,97,52,57004,483.263,1980
263271060374209,96,54,57004,502.35,1980
263271110478382,96,54,57004,502.35,1980
263271160814545,96,54,57004,522.324,1980
263271211460484,96,54,57004,522.324,1980
263271262227400,89,60,57004,505.011,1980
263271313120903,89,60,57004,505.011,1980
263271363374357,89,60,57004,486.3,1980
263271413525372,89,60,57004,486.3,1980
263271463670697,6,4,57004,484.663,1980
263271513784464,6,4,57004,484.663,1980
263271564406657,6,4,57004,478.259,1980
263271614565986,6,4,57004,478.259,1980
263271664688798,97,48,57004,455.347,1980
263271714865434,97,48,57004,455.347,1980
263271765042788,97,48,57004,436.651,1980
263271815148327,97,48,57004,436.651,1980
263271865299455,100,49,57004,411.324,1980
263271915473521,100,49,57004,411.324,1980
263271965581125,100,49,57004,385.013,1980
263272015719946,100,49,57004,385.013,1980
263272065825020,100,50,57004,366.32,1980
263272115928278,100,50,57004,366.32,1980
263272166033430,100,50,57004,372.156,1980
263272216136217,100,50,57004,372.156,1980
263272266240447,99,47,57004,407.407,1980
263272316345081,99,47,57004,407.407,1980
263272366448191,99,47,57004,456.431,1980
263272416556190,99,47,57004,456.431,1980
263272466659519,97,51,57004,479.158,1980
263272516763723,97,51,57004,479.158,1980
263272566865525,97,51,57004,499.62,1980
263272616968084,97,51,57004,499.62,1980
263272667070539,97,52,57004,520.12,1980
263272717857831,97,52,57004,520.12,1980
263272768858721,97,52,57004,518.919,1980
263272819756068,97,52,57004,518.919,1980
263272870486677,28,28,57004,503.857,1980
263272921113903,28,28,57004,503.857,1980
263272971269115,28,28,57004,492.628,1980
263273021877835,28,28,57004,492.628,1980
263273072539945,64,30,57004,495.372,1980
263273122678504,64,30,57004,495.372,1980
263273172797909,64,30,57004,468.999,1980
263273223296047,64,30,57004,468.999,1980
263273273398451,100,49,57004,439.634,1980
263273323548895,100,49,57004,439.634,1980
263273373745061,100,49,57004,415.157,1980
263273423856482,100,49,57004,415.157,1980
263273474023256,100,50,57004,385.741,1980
263273527425164,100,50,57004,385.741,1980
263273577547399,100,50,57004,361.434,1980
263273627651948,100,50,57004,361.434,1980
263273677764788,88,43,57004,365.811,1980
263273727869705,88,43,57004,365.811,1980
263273777970461,88,43,57004,390.689,1980
263273828074046,88,43,57004,390.689,1980
263273878177399,92,48,57004,430.428,1980
263273928280415,92,48,57004,430.428,1980
263273978386393,92,48,57004,465.113,1980
263274028489406,92,48,57004,465.113,1980
263274078590913,96,53,57004,490.649,1980
263274128696091,96,53,57004,490.649,1980
263274178800694,96,53,57004,511.096,1980
263274229720978,96,53,57004,511.096,1980
263274280663018,95,59,57004,502.955,1980
263274331306771,95,59,57004,502.955,1980
263274381454297,95,59,57004,491.436,1980
263274431800863,95,59,57004,491.436,1980
263274481915384,2,2,57004,488.067,1980
263274532040191,2,2,57004,488.067,1980
263274582198209,2,2,57004,492.358,1980
263274632850499,2,2,57004,492.358,1980
263274683006751,96,47,57004,466.873,1980
263274733125768,96,47,57004,466.873,1980
263274783556943,96,47,57004,451.02,1980
263274834255174,96,47,57004,451.02,1980
263274884435183,99,49,57004,424.343,1980
263274934538354,99,49,57004,424.343,1980
263274984710793,99,49,57004,404.049,1980
263275038612389,99,49,57004,404.049,1980
263275088716589,100,50,57004,386.752,1980
263275138834914,100,50,57004,386.752,1980
263275188947908,100,50,57004,385.561,1980
263275239052506,100,50,57004,385.561,1980
263275289156896,99,48,57004,407.839,1980
263275339260698,99,48,57004,407.839,1980
263275389362643,99,48,57004,448.902,1980
263275439469409,99,48,57004,448.902,1980
263275489573544,95,50,57004,480.494,1980
263275539675978,95,50,57004,480.494,1980
263275589776966,95,50,57004,500.285,1980
263275639877448,95,50,57004,500.285,1980
263275689981196,98,54,57004,519.152,1980
263275740877166,98,54,57004,519.152,1980
263275791779888,98,54,57004,523.515,1980
263275842744959,98,54,57004,523.515,1980
263275893682270,48,38,57004,499.691,1980
263275944049738,48,38,57004,499.691,1980
263275994164699,48,38,57004,484.676,1980
263276044297837,48,38,57004,484.676,1980
263276094417435,44,21,57004,486.662,1980
263276144701422,44,21,57004,486.662,1980
263276195420467,44,21,57004,464.841,1980
263276245634497,44,21,57004,464.841,1980
263276295798213,100,49,57004,446.132,1980
263276346205378,100,49,57004,426.468,1980
263276396307850,100,49,57004,426.468,1980
263276446411735,100,50,57004,406.882,1980
263276496533911,100,50,57004,406.882,1980
263276546651382,100,50,57004,379.767,1980
263276596761641,100,50,57004,379.767,1980
263276646882587,95,47,57004,373.957,1980
263276696987498,95,47,57004,373.957,1980
263276747090436,95,47,57004,392.636,1980
263276797194018,95,47,57004,392.636,1980
263276847300190,92,47,57004,439.208,1980
263276897402127,92,47,57004,439.208,1980
263276948525880,92,47,57004,477.107,1980
263276998635453,92,47,57004,477.107,1980
263277048739344,96,54,57004,496.783,1980
263277098872444,96,54,57004,496.783,1980
263277148980162,96,54,57004,516.707,1980
263277199116209,96,54,57004,516.707,1980
